esas	100508
yari	76068
evante	42191
mezvalora	39741
kilometri	37846
po	35970
urbo	29180
habitantaro	25567
pluse	25260
provinco	22935
distrikto	22795
vilajo	21054
vivis	21002
revenuo	20267
omna	20108
yaro	20011
hemanari	18843
mulieri	17591
viri	17421
chefurbo	17091
singla	16521
referi	15720
personi	14514
cirkume	13970
komono	13048
familii	12691
evo	12676
grandeso	12626
raso	12591
sud-este	12574
hemanaro	12524
rasi	12519
do	12048
propra	11798
familio	11746
nomi	11472
lektebla	11421
relatanta	11255
rezulto	11254
plene	11094
idala	11018
havas	10930
altra	10884
lando	10675
nord-este	10523
originala	10366
individuo	9382
distas	9352
parto	9154
statistiki	8348
prezidanto	8290
komono-sideyo	7656
homi	7569
jacas	7543
sud-weste	7453
plura	7039
urbeto	7006
habitis	6866
na	6832
geografio	6687
vilajala	6679
aquo	6626
nord-weste	6580
irga	6565
kune	6558
demografio	6542
domi	6537
indijeni	6516
domo	6504
komtio	6497
habitesis	6482
pueri	6481
spozulo	6462
muliero	6432
equivalanta	6416
blanki	6389
procento	6385
unika	6360
mariajita	6311
sola	6310
negri	6307
denseso	6306
domo-chefo	6270
ne-familii	6267
aziani	6261
amerikana	6260
latin-amerikani	6248
adolecanti	6212
pacifik-insulani	6121
hispan-amerikani	6120
rezidis	5873
anke	5582
granda	5363
chefministro	5337
nomo	5332
povreso-lineo	5258
usana	5033
regiono	4946
alidirekti	4798
multa	4185
morti	4173
ilu	4124
piktisto	4091
loki	3954
nulo	3827
tota	3712
sideyo	3704
lublin	3439
unesma	3362
skriptisto	3265
komencis	3185
eventi	3172
redirect	3105
franca	3054
nobel-laureato	2985
povas	2962
naski	2895
rejulo	2769
kovresas	2737
disto	2677
politikisto	2637
nun	2633
importanta	2587
precipua	2586
pose	2577
germana	2497
deskovrita	2494
meza	2492
domaro	2485
encirkliganta	2412
divenas	2391
stato	2360
an	2311
duesma	2274
mezavalora	2246
kelka	2211
komencinta	2210
exloko	2198
historio	2159
to	2153
extera	2128
mondo	2106
c	2070
infinita	2005
seguo	1995
eventis	1969
existas	1967
centro	1945
vilajal-urbala	1915
chef-urbo	1894
lo	1894
nuna	1879
nomizita	1828
ilua	1821
rusa	1812
linguo	1809
ordinara	1808
loko	1777
us	1768
yarcento	1761
nova	1751
l'urbeto	1728
milito	1619
recevis	1609
usan	1609
proxim	1594
urbi	1578
alta	1574
l'unesma	1565
aktoro	1547
ex-loko	1500
inkluzite	1488
povo	1484
landi	1477
kompozisto	1473
tale	1472
evanta	1465
ligili	1441
britaniana	1437
diversa	1435
uzesas	1430
altri	1418
kantisto	1411
formo	1401
konocata	1399
uzata	1381
estala	1376
podlakia	1366
distis	1340
komencas	1324
usa	1324
dio	1307
dii	1302
teritorio	1301
produktas	1300
le	1299
fino	1291
anciena	1286
duris	1276
trupi	1268
grupo	1246
imperiestro	1240
mikra	1238
distrikti	1236
align	1223
left	1223
italiana	1219
bielorusia	1199
metri	1197
francia	1193
rivero	1191
januaro	1186
morto	1186
ula	1163
l'urbo	1161
chefo	1145
eventas	1135
regioni	1134
frontiero	1126
guvernerio	1125
fondesis	1122
angla	1118
yarmilo	1118
longa	1103
subkarpati	1096
fizikisto	1088
membri	1083
aktorino	1077
nacionala	1065
exdomaro	1063
nedependo	1052
lingui	1046
muzikisto	1043
lasta	1034
sude	1033
republiko	1029
insulo	1025
kontenas	1015
ganis	1014
administrala	1009
lor	1002
rejio	991
rejo	991
internaciona	988
sistemo	983
surfaco	982
mazovia	978
braziliana	977
ak	971
filiulo	963
julio	962
hispana	958
komenco	958
tenisistino	945
unesmafoye	944
videz	941
partiso	930
norde	927
politikala	926
mortis	925
armeo	923
membro	901
kantistino	896
periodo	881
populo	878
elua	867
ja	865
decembro	837
konsistas	831
sequanta	827
epoko	826
famoza	823
plusa	820
nederlandana	810
poeto	788
sama	778
bona	771
fondita	770
the	769
oktobro	767
kulturo	765
oficala	764
polona	764
ekonomio	762
muziko	754
populoza	753
kemiisto	751
datumi	746
vorto	746
jacanta	740
municipo	735
kalendario	734
nedependanta	734
batalio	730
mayo	729
marto	722
persono	722
agosto	721
aprilo	721
nome	719
naskis	718
moderna	717
imperio	710
populara	707
junio	704
super	704
ordinare	703
onu	702
este	701
elektesas	699
verki	699
soldati	697
novembro	692
lokala	690
februaro	688
nomar	688
vivo	687
patro	680
quar	677
weste	675
stati	673
uzas	670
insuli	668
septembro	661
situesas	660
vinkas	657
litoro	647
rivo	643
ica	640
staciono	638
kreis	637
brazilia	633
filozofo	633
nombro	629
honore	625
cetera	622
komandita	621
germania	615
itere	615
aden	614
europana	614
fluvio	611
numeralo	609
vilaji	609
finas	607
ido	607
parlamento	606
romana	603
historiala	600
okupesis	600
publika	599
oficale	598
hispania	595
establisis	592
nomizesis	590
forestala	588
unionita	588
chefa	583
santa	579
europa	577
politiko	572
guvernis	570
kreskis	570
militisto	569
arivis	568
ekonomiala	568
grupi	567
ministro	566
skopo	566
kompanio	565
vinkis	563
filmifisto	561
mikrapolonia	560
tempo	560
universitato	559
fondis	556
restas	555
poka	553
temperaturo	552
vicina	552
ligilo	550
militala	550
klimato	548
mondala	546
medalio	545
lago	544
diferanta	542
politikistulo	542
mortas	541
naturala	541
filiino	540
verko	540
kreesis	538
avan	537
titulo	533
komoni	530
populi	530
spozino	529
atingis	528
existis	528
sive	528
grandpolonia	527
sueda	526
futbalisto	525
generalo	525
listo	524
filmo	523
klubo	521
areo	516
decidis	516
bando	514
atako	511
partoprenis	511
nordo	506
produktis	506
konstruktesis	503
komercala	502
quanto	502
muzikala	500
santakruco	499
skribis	499
yarala	497
westala	496
fine	489
homala	489
monto	488
inkluzas	482
ekonomikisto	480
forta	480
paco	480
ana	479
libro	474
separata	474
korto	469
perdis	469
sudo	469
muzeo	466
komerco	465
kreita	465
monato	465
pluvoza	465
finlandana	464
okupis	464
linei	461
portugalana	460
asumis	456
nula	456
yara	456
centrala	454
frua	454
rusia	453
sociala	452
restis	451
studiis	451
bazo	450
kolonio	450
teritorii	450
basa	449
portugal	448
origino	447
stilo	447
italia	446
greka	444
uzesar	444
lansesis	443
religio	443
ligesas	442
uniono	442
evis	441
apartenis	438
inauguresis	437
judikesas	437
serio	436
generala	435
baseno	433
uzesis	433
sezono	431
yarcenti	431
frapas	430
mediko	430
literaturo	427
grekia	426
rapide	426
revolto	424
duimo	423
of	422
polonia	422
punto	422
kariero	421
plua	419
signifikas	419
japonia	418
movado	418
okupas	418
pagino	418
elekti	415
kurta	415
finlando	414
produkturi	414
tero	414
amba	412
duras	412
dana	411
ex-domaro	411
reprezentas	411
objekti	409
podlaska	408
japoniana	405
uzis	403
pakto	401
alonge	398
deklaras	398
formacas	398
lineo	398
sovietiana	398
cheka	397
povis	396
rejino	394
deklaris	393
olima	392
esquado	391
komence	391
hokeisto	390
foyi	389
urbala	389
interna	388
mortigesis	388
kulturala	387
profesoro	386
navi	385
elektesis	384
papo	383
uzar	383
komplete	382
i	381
relati	380
austriana	379
ora	379
fakte	378
termino	378
facis	377
regno	377
kresko	375
rurala	375
korpo	373
l'objekto	373
tradicionala	373
influo	372
elekto	370
konstruktita	370
ludi	370
speci	370
supra	370
chinia	368
adhike	367
naskinta	367
fonto	366
suedia	366
sika	364
erste	362
libera	362
dop	361
probis	361
krear	360
olimpiala	360
rolo	360
havanta	359
omnayare	359
chiniana	358
medicino	357
rejimo	357
provinci	355
fratulo	353
gregoriala	353
laboris	353
matematikisto	353
premio	353
championo	352
kolonieto	352
laboro	352
monati	350
subisis	350
nederlando	348
juliala	347
libri	346
fondesas	345
kontrolo	345
recevas	345
religiala	345
norda	344
portuo	344
vasta	344
arto	342
projeto	342
restaji	342
jurnalisto	341
nordala	341
organizuro	341
dinastio	338
mexikia	337
suceso	337
unesme	337
ciencisto	336
transporto	336
uzo	336
bone	335
new	335
yuri	335
matro	334
triesma	334
eklezio	333
ipsa	333
arjentinia	332
konocita	332
lego	332
lubelski	332
animali	331
komuna	327
vilajeto	326
ex-vilajo	324
ligas	323
originis	323
sucesoza	323
mezavalore	322
richa	322
skribita	322
varma	322
simila	320
konkurso	318
sudala	318
arei	317
astronomo	317
paris	317
produktado	317
silezia	317
edifici	316
navo	315
plaso	315
com	314
parolata	313
facar	311
forteso	311
shakoludisto	311
skolo	310
elementi	308
hodie	308
kaptas	308
developis	307
filmi	305
aferi	304
havar	304
india	304
st	304
fondinto	303
kilometro	303
stando	302
britanian	301
ataki	300
web	300
developo	299
mortigas	299
larja	298
konquestis	297
devas	296
temi	296
varmia-mazuria	296
explorero	295
hungaria	295
influi	295
kontrato	295
posibla	295
varias	294
yuna	294
city	293
pleis	293
venas	293
mondomilito	292
nedependanteskis	292
plana	292
provizora	292
franci	291
kanadana	291
marala	291
montras	291
opole	289
suisa	289
trovesis	289
edifico	288
kansono	288
helpo	287
rejala	287
agadi	286
parko	286
deo	285
kuyavia-pomeria	285
monti	285
voyajo	285
dextra	284
hungara	284
x	284
atakas	283
kelkafoye	283
kolda	283
homo	282
infrasilezia	282
problemi	282
in	281
iras	281
pikturi	280
mongoliana	279
recenta	279
deskovris	278
fiziologio	278
tala	278
kolumbia	277
posible	277
vivas	277
temperaturi	276
afrika	275
bielorusa	275
gradope	274
esus	273
hemo	273
kompleta	273
konstrukto	273
produktita	273
tereni	272
agado	271
konocesis	271
quartero	271
austria	270
kolonii	270
edc	269
milioni	269
skultisto	269
artisti	268
podlaski	268
sucesis	268
situo	267
individui	266
poke	266
exempli	265
anuncas	264
peru	264
injenioro	262
majoritato	261
paraguay	261
retoloki	261
maro	260
programo	260
subdividuri	260
kanada	259
produktar	259
protesti	259
note	258
subdividesas	258
desaparinta	257
ensemblo	257
partisi	257
romani	257
antiqua	256
chefi	256
isbn	256
princo	256
and	255
specala	255
anglia	254
blanka	254
fluvii	254
pekunio	253
frontieri	251
obtenis	251
org	251
establisesis	250
h	250
l'insulo	249
mustas	249
s	249
studio	249
grava	248
parolas	248
yuro	248
ciencala	247
socio	247
advokato	246
arkitekto	246
louis	246
venis	246
latina	245
uzita	245
konstruktis	244
quala	244
strukturo	244
federala	242
intensa	242
ludis	242
vinko	242
prezidanteso	241
aceptis	239
chambro	238
cienco	238
prezidanti	238
sulo	238
vundita	238
arjentiniana	237
sovietia	237
diminutis	236
dufoye	236
ecepte	236
invadis	236
organizo	236
privata	236
civila	235
efektigis	235
katolika	235
konflikti	235
norvegia	235
profesionala	235
teatro	235
esanta	234
objekto	234
planeto	234
entraprezisto	233
olim	233
tribui	233
direte	232
konstituco	232
ponto	232
rapida	232
belga	231
fondas	230
israel	230
konflikto	230
valo	230
piktistino	229
antee	228
kaptis	228
mortigesas	228
nacional	228
parolesas	228
suda	228
krizo	227
sinistra	227
komunista	226
peninsulo	226
probable	226
sistemi	226
london	225
teorio	225
nomesas	224
religii	224
riveri	224
voyo	223
chili	222
exter	222
gastigas	222
ambe	221
australia	221
artiklo	220
fotografuri	220
hori	220
interne	220
rumania	220
uruguay	220
antea	219
kirko	219
nacioni	219
stradi	219
atakis	218
dania	218
divenar	218
efektigas	218
financala	218
hispani	218
reda	218
adopto	217
ani	217
araba	217
habitas	217
kombati	217
skriptisti	217
sporto	217
kancelero	216
klasika	216
konsistanta	216
nivelo	216
palaco	216
skribar	216
dominaco	215
simpla	215
duko	214
lansis	214
medalii	214
donis	213
futbalo	213
konquestas	213
versiono	213
populala	212
revoluciono	212
turisti	212
formi	211
pomeria	211
sklavi	211
studenti	211
direktita	210
nutrivi	210
ulo	210
atingar	209
edukado	209
eniris	209
genero	209
mexikiana	209
personala	209
rusiana	209
tam	209
distanta	208
championeso	207
maxima	207
militisti	207
notora	207
york	207
laboristi	206
orbito	206
devenas	205
enfluanto	205
industriala	205
minuti	205
modelo	205
suporto	205
vice	205
zono	205
expediciono	204
facas	204
john	204
belgia	203
konstruktar	203
nomesis	203
planti	203
administrado	202
dividita	202
kongreso	202
ideo	201
kredas	201
kristana	201
proxima	201
autoro	200
komtii	200
nune	200
olta	200
verda	200
deskovresis	199
diktatoro	199
federiti	199
homaro	199
kovras	199
manko	199
mortigis	199
nomizis	199
videbla	199
duopla	198
evento	198
komitato	198
reguli	198
signatas	198
trovesas	198
asociuro	197
duktis	197
filii	197
historiisto	197
idisto	197
militestro	197
stimulis	197
tenisistulo	197
vicini	197
centri	196
filio	196
kemiala	196
mohamedana	196
naturo	196
invado	195
konocesas	195
konsilistaro	195
materio	195
augmentis	194
charles	194
formacar	194
formacis	194
libereso	194
mohamedani	194
pakistan	194
relato	194
tipo	194
abandonis	193
ekonomial	193
komediisto	193
ligo	193
rapideso	193
skota	193
westal	193
adoptas	192
fazo	192
judi	192
legi	192
sultano	192
aparas	191
avioni	191
enmigranti	191
humida	191
indiana	191
mala	191
panama	191
situita	191
temo	191
indikas	190
kategorio	190
militi	190
trairas	190
trono	190
trovis	190
autonoma	189
choseo	189
invadas	189
revuo	189
boxisto	188
kansoni	188
templo	188
wola	188
diplomacisto	187
docisto	187
jurnalo	187
norvegiana	187
povra	187
sektoro	187
ukraina	187
aeroportuo	186
automobili	186
exemplo	186
ludas	186
montaro	186
naskas	186
prenis	186
studiar	186
chefloko	185
katedralo	185
legaro	185
sendis	185
sorto	185
fairo	184
indijena	184
iris	184
moskva	184
rango	184
salvador	184
bolivia	183
energio	183
skriptistino	183
valoro	183
municipi	182
mustis	182
donas	181
guvernisto	181
muziki	180
servadi	180
venezuela	180
aero	179
desaparis	179
dividesas	179
elemento	179
jefferson	179
mazowiecki	179
romano	179
artisto	178
fugis	178
adoptesis	177
cinem-aktoro	177
kristani	177
lansas	177
produkturo	177
tipi	177
armi	176
biokemiisto	176
caro	176
kontinentala	176
metra	176
chosei	175
kontinento	175
luno	175
severa	175
uzanta	175
westpomeria	175
dependas	174
imaji	174
linguisto	174
politikal	174
vinkesis	174
westo	174
australiana	173
organizuri	173
akademio	172
cienci	172
elektita	172
falas	172
ferovojala	172
konfero	172
kristo	172
publikigis	172
studii	172
ti	172
britania	171
guberniestro	171
jenro	171
luktis	171
nigra	171
rezultis	171
voti	171
facita	170
idei	170
ludo	170
montoza	170
polico	170
spaco	170
stacioni	170
turkia	170
debushas	169
inundadi	169
nia	169
nordal	169
povi	169
signatis	169
texto	169
europani	168
japoniani	168
skoli	168
bezonas	167
certa	167
chefministri	167
f	167
funciono	167
futbalala	167
korti	167
misiono	167
olda	167
reprezentis	167
washington	167
developesis	166
eduko	166
egiptia	166
kompozis	166
longeso	166
punti	166
altitudo	165
helpis	165
kombato	165
portugalani	165
reji	165
statala	165
aviono	164
azia	164
nombri	164
aktivisto	163
destruktis	163
equador	163
expansis	163
fonti	163
inkluzis	163
kolini	163
literi	163
omni	163
pioniro	163
signifikanta	163
fratino	162
irlando	162
italian	162
l'altra	162
latero	162
ofico	162
roma	162
sudal	162
artala	161
dicis	161
konkursi	161
protektar	161
quarteri	161
tradiciono	161
vietnam	161
diplomacala	160
frazo	160
probas	160
agnoskas	159
aktiva	159
arjenta	159
chanjis	159
krosno	159
landala	159
revokesis	159
ruraltipa	159
rusi	159
speco	159
archive	158
esperanto	158
henry	158
industrio	158
nedependanteskas	158
simbolo	158
somero	158
biologiisto	157
bronza	157
dividesis	157
inkluzanta	157
kanalo	157
klasifiko	157
konsideresas	157
kosta	157
opero	157
partopreno	157
pleata	157
regionala	157
rika	157
violentoza	157
vivanta	157
amerika	156
texti	156
civitani	155
demandis	155
legala	155
mantenar	155
obtenar	155
procedo	155
facesis	154
lubusz	154
nowy	154
trovita	154
urbaltipa	154
william	154
elektrala	153
enfluas	153
esos	153
expanso	153
fizikala	153
guatemala	153
klaso	153
portas	153
prezidantala	153
rio	153
santo	153
vehili	153
arkipelago	152
bazala	152
bulgaria	152
destruktas	152
referas	152
asumas	151
dicas	151
explozas	151
ferovoyala	151
kreas	151
lituania	151
metropolala	151
samnoma	151
surnomizita	151
vera	151
defenso	150
kemio	150
merkato	150
w	150
bazeyo	149
faliis	149
fluas	149
kulturi	149
l'oficala	149
manekinino	149
publikigita	149
chekoslovakiana	148
ensemble	148
povus	148
renuncas	148
vintro	148
atleto	147
cinemo	147
filozofio	147
laborar	147
lagi	147
mantenis	147
relate	147
revokis	147
tereno	147
berlin	146
federuro	146
karaktero	146
koloniigo	146
lubelskie	146
plebicito	146
treni	146
albumi	145
arivo	145
asemblo	145
existar	145
forco	145
informo	145
peizaji	145
posibligas	145
darfas	144
estonia	144
kapo	144
kombatar	144
recevar	144
sud-korea	144
brazilian	143
kazi	143
komercisti	143
kompanii	143
l'organizuro	143
formacesis	142
mongolia	142
permisas	142
sporti	142
amiko	141
editerio	141
foresti	141
inventisto	141
kalkulas	141
mariajo	141
mortinti	141
servas	141
terala	141
apta	140
irlandana	140
kaptar	140
kazo	140
multi	140
organizis	140
sieradz	140
viziteri	140
afrikana	139
atakar	139
deskovras	139
ex-komono	139
explorar	139
fako	139
geografiala	139
kampanio	139
piktis	139
university	139
vendis	139
arivas	138
dominikana	138
establisas	138
filiini	138
heroo	138
html	138
informi	138
james	138
maniero	138
originale	138
rejii	138
tarda	138
tro	138
tropikala	138
volis	138
entraprezi	137
existanta	137
franc	137
kelke	137
konsiderata	137
konstitucala	137
los	137
lumo	137
rakonto	137
savas	137
senco	137
tailando	137
transportar	137
aceso	136
atingas	136
domeno	136
establisita	136
komto	136
poemo	136
sekretario	136
soviet-uniono	136
totala	136
transformis	136
voyajis	136
vundesas	136
albania	135
floto	135
milital	135
press	135
rebeli	135
viro	135
anuncis	134
arkeologiala	134
fotografisto	134
futura	134
industrii	134
klubi	134
koncernas	134
kreo	134
latvia	134
miliardi	134
placo	134
semani	134
sexuala	134
urbestro	134
albumo	133
deskovro	133
destruktesis	133
honduras	133
kunpremiizesis	133
kupo	133
noti	133
bela	132
finala	132
sequis	132
tradukita	132
tribuo	132
filiuli	131
george	131
kondamnesis	131
krono	131
linguala	131
parolis	131
praktikas	131
r	131
siejo	131
ukrainana	131
asemblitaro	130
mortinta	130
politikistino	130
ago	129
arti	129
desfacila	129
fakultato	129
igas	129
korpi	129
kreinto	129
meze	129
montris	129
muzikisti	129
superiras	129
turka	129
uno	129
adepti	128
grado	128
iesu	128
intereso	128
kastelo	128
posibligis	128
quaresma	128
sendas	128
strado	128
supera	128
developita	127
francisco	127
instrumenti	127
portis	127
retroiris	127
senato	127
serioza	127
situesis	127
translojis	127
voteri	127
demokrata	126
dolari	126
futbalo-esquado	126
institucuri	126
jedi	126
kolekturo	126
kontado	126
materii	126
okupo	126
paco-pakto	126
pianisto	126
protektorato	126
registrita	126
signifiko	126
turismo	126
bombi	125
deklaresis	125
dominacanta	125
filipini	125
gimnastikistino	125
hispan-usani	125
kreado	125
nokto	125
nova-zelando	125
pasajeri	125
preso	125
reformi	125
reto	125
skribesis	125
sloveniana	125
trovar	125
zoni	125
episkopo	124
kaptesis	124
kolori	124
kompozistino	124
kozi	124
l'anciena	124
mariajis	124
poemi	124
stato-stroko	124
u	124
agnoskis	123
automobilisto	123
chanji	123
efekti	123
flugo	123
kloki	123
komunitato	123
l'insuli	123
lukto	123
semblas	123
violento	123
etnii	122
fortreso	122
inaugurita	122
infanti	122
influesis	122
iran	122
kalifornia	122
konsistis	122
notinda	122
paulo	122
preventar	122
refuzis	122
revokas	122
rezisto	122
servis	122
votala	122
batalii	121
dialekti	121
kandidato	121
karcero	121
kuba	121
literaturala	121
rakonti	121
remplasis	121
votodistrikto	121
aborijeni	120
bandi	120
etnio	120
islando	120
laboras	120
ministri	120
permisis	120
skopi	120
sucedanto	120
volas	120
chekoslovakia	119
departas	119
esto	119
existo	119
exkomono	119
grajewo	119
imajo	119
judiciala	119
kauzo	119
klara	119
kolonieti	119
kubana	119
monetaro	119
sejny	119
dei	118
developar	118
facile	118
jackson	118
kapitano	118
kreskas	118
pozeso	118
prefixo	118
relatas	118
soldato	118
televiziono	118
traiti	118
adsur	117
arestesis	117
deziris	117
exploris	117
festivalo	117
helpar	117
koloro	117
komplexa	117
kontrolar	117
motivi	117
nominita	117
renkontris	117
saneso	117
situeso	117
societo	117
stili	117
teknologio	117
vizitas	117
atento	116
fiziko	116
morbi	116
ortodoxa	116
parte	116
permananta	116
popul-republiko	116
quon	116
sat	116
sekreta	116
sekureso	116
substrukturo	116
sucesi	116
vunditi	116
artificala	115
cesis	115
faki	115
koloniala	115
partikulara	115
povoza	115
prizentas	115
profunda	115
projeti	115
proklamis	115
protekto	115
westa	115
yardeko	115
chanjo	114
cinematografuri	114
decidas	114
festo	114
formacita	114
haiti	114
jaceyi	114
krasnystaw	114
metodo	114
nikaragua	114
paro	114
paul	114
unionesis	114
unionis	114
vintri	114
bombo	113
centi	113
egala	113
modeli	113
numero	113
streta	113
universitati	113
za	113
artikli	112
decendanti	112
exilo	112
familionomo	112
figuro	112
imperis	112
lejera	112
organizita	112
reala	112
autobusi	111
automobilo	111
direta	111
duros	111
enrejistrita	111
influis	111
kolno	111
konstrukturi	111
marshalo	111
muzei	111
produkto	111
siemiatycze	111
substanco	111
trovas	111
tuni	111
usani	111
venti	111
esante	110
etniala	110
explozo	110
fabrikerio	110
guverno	110
kataluniana	110
komandis	110
l'evo	110
posa	110
renuncis	110
rezulti	110
ryki	110
sendesis	110
strategiala	110
suportis	110
agrokultivo	109
aqui	109
armei	109
dokumenti	109
esquadi	109
eu	109
kompris	109
sendita	109
turistala	109
vehilo	109
viktimi	109
autoritato	108
divido	108
establisar	108
fundamentala	108
konsideras	108
livis	108
mortigita	108
moyeni	108
nobel-premiiziti	108
parki	108
plantacerii	108
quik	108
slovakia	108
vizito	108
ab	107
acidento	107
deputati	107
fenomeno	107
kontrolis	107
l'universitato	107
luktisto	107
mi	107
nederlandani	107
normala	107
parolanti	107
patrimonio	107
petrolo	107
pikturo	107
premii	107
sportala	107
subisas	107
tnp	107
vejetantaro	107
yardeki	107
chefministrino	106
definita	106
esez	106
fabrikerii	106
kurado	106
kursk	106
partale	106
produktisto	106
programi	106
revolucionero	106
sacerdoto	106
same	106
separita	106
siria	106
von	106
yuristo	106
bayo	105
enkorpigesis	105
ento	105
evas	105
fondo	105
funcionas	105
kolizionas	105
kosmo	105
madrid	105
maria	105
muzikistulo	105
studias	105
uzado	105
aprobesis	104
chiliana	104
decido	104
eventinta	104
foye	104
kontakto	104
lektar	104
malta	104
nominesas	104
okupar	104
propozis	104
rezidas	104
vinkeso	104
apertesis	103
certena	103
funcioni	103
kirki	103
kombatis	103
kronizesas	103
limito	103
pafado	103
policisti	103
propraji	103
rumana	103
samanoma	103
sudafrika	103
v	103
destruktado	102
dialekto	102
diminutar	102
ganas	102
german	102
koaktis	102
kreskar	102
militarala	102
nuntempa	102
piktisti	102
pp	102
radomsko	102
santi	102
suvereneso	102
centre	101
direktisto	101
egiptiana	101
firmo	101
gaso	101
ico	101
instalis	101
judikata	101
kapabla	101
kredis	101
mali	101
planto	101
posedas	101
prenomo	101
prezidantino	101
quanteso	101
regnis	101
renkontras	101
richard	101
sequas	101
shakoludistulo	101
signatita	101
simple	101
vidis	101
atraktivi	100
bibliografio	100
cinematografuro	100
donar	100
entrenero	100
esta	100
frapis	100
historiale	100
kolino	100
monarkio	100
nutrivo	100
pasinta	100
periodi	100
prima	100
serbia	100
sezoni	100
deskriptas	99
determinita	99
dica	99
extremajo	99
kolumbiana	99
mortigar	99
neutra	99
okupita	99
origine	99
rekordo	99
retrovenis	99
scott	99
someri	99
sono	99
suno	99
tradicioni	99
admiralo	98
desegnisto	98
ex-prezidanto	98
igis	98
israelana	98
l'ekonomio	98
liberala	98
mestici	98
mixas	98
omnadie	98
opoczno	98
ordeno	98
pedro	98
praktikis	98
problemo	98
proceso	98
reprezentanti	98
robert	98
selektis	98
smith	98
specifika	98
transformesis	98
aceptas	97
agrokultivala	97
atraktas	97
augmento	97
banko	97
incendio	97
japonian	97
juda	97
kambodja	97
minima	97
navala	97
nomizesas	97
stadio	97
trybunalski	97
votar	97
voyaji	97
wien	97
ciencisti	96
dato	96
defino	96
exvilajo	96
kompare	96
libano	96
movo	96
olqua	96
pasis	96
plena	96
renkontro	96
sondilo	96
atletino	95
blua	95
chambri	95
chiniani	95
departis	95
frequa	95
fuorto	95
gruzia	95
instituto	95
jacis	95
kapaceso	95
kongo	95
mortigo	95
naciono	95
partoprenar	95
primara	95
savis	95
signifikar	95
stranjera	95
vinkar	95
voyi	95
condita	94
guvernar	94
hill	94
judiciisto	94
kristanismo	94
nasko	94
nobeli	94
parczew	94
plano	94
pluvo-quanto	94
prenas	94
rivi	94
selektesis	94
signifikante	94
situaciono	94
urbe	94
vundas	94
wta	94
aprobas	93
cinem-aktorino	93
eventar	93
exportaco	93
falio	93
finir	93
fluo	93
fore	93
formale	93
general	93
imperas	93
kompozistulo	93
konquestesis	93
l'unika	93
multafoye	93
otomani	93
procedi	93
progreso	93
publikigesis	93
suisia	93
valori	93
aparato	92
arkitekturo	92
brancho	92
deklaro	92
domaji	92
ekonomikala	92
falis	92
irak	92
ita	92
lateri	92
limiti	92
luktar	92
marshall	92
partikulare	92
perdas	92
printempo	92
rezideyo	92
singapur	92
sucedas	92
traktas	92
unionas	92
veninta	92
yugoslavia	92
bisextila	91
deskriptis	91
exterlanda	91
foresto	91
franciana	91
fronto	91
jenri	91
jurnali	91
noktala	91
pagar	91
partoprenanti	91
prosperis	91
radio	91
remarkinda	91
rock	91
sendar	91
separas	91
tenisisto	91
amiki	90
animalo	90
bombardas	90
demografiala	90
favorebla	90
fizikistulo	90
gitaristo	90
grande	90
guvernisteso	90
katoliki	90
kauzi	90
mandato	90
misfero	90
monako	90
nulatempe	90
perdaji	90
pleas	90
proxime	90
afektis	89
agrourbeto	89
armeala	89
azerbaijan	89
dramato	89
fakto	89
ganisto	89
internacione	89
judiciisti	89
konquestar	89
konquesto	89
kontributis	89
korea	89
litero	89
longe	89
marion	89
monumento	89
nedependantesko	89
neoficala	89
raporto	89
reformo	89
signatesis	89
tante	89
adportis	88
autonomeso	88
cirkondata	88
demandas	88
esabis	88
fenomeni	88
fondinti	88
frukti	88
grandaparte	88
grandega	88
historiisti	88
inventinto	88
kapitulacas	88
kovrata	88
krulo	88
nemediate	88
rare	88
revenui	88
vizitanti	88
aerala	87
arabi	87
exportaci	87
koncepto	87
konservema	87
konstanta	87
kosmosondilo	87
lernis	87
maroko	87
michael	87
nominesis	87
politikisti	87
proximeso	87
rispektive	87
savo	87
socialista	87
substanci	87
urbeti	87
adoptita	86
aproxime	86
bangladesh	86
co	86
donita	86
forci	86
greki	86
imposti	86
konstrukturo	86
kontraste	86
kurte	86
laos	86
ligno	86
nederlandan	86
ocidesis	86
preci	86
turniro	86
uli	86
vidar	86
virala	86
dekreto	85
ekpulsesis	85
falo	85
febla	85
finar	85
florida	85
folii	85
franklin	85
fundo	85
gastigis	85
inkluzante	85
interaltre	85
janeiro	85
klozita	85
konstruktado	85
kozo	85
kultivo	85
marbordo	85
metodi	85
ministraro	85
parlamentala	85
revolti	85
roki	85
strukturi	85
suportar	85
unajo	85
vivar	85
chanjesis	84
civili	84
enorma	84
figuri	84
for	84
furnisar	84
informis	84
joseph	84
legendo	84
modifikesis	84
nad	84
plata	84
projetita	84
questioni	84
revokesas	84
transferesis	84
yuni	84
asasinesis	83
atmosfero	83
biografio	83
celuli	83
david	83
doktrino	83
editis	83
exempleri	83
germaniana	83
inquesto	83
johnson	83
kielce	83
kompozuri	83
nigeria	83
peco	83
proklamas	83
provizore	83
rara	83
rurani	83
sektori	83
trafiko	83
aceptar	82
alfabeto	82
diferi	82
duktas	82
ex	82
femina	82
flugas	82
formala	82
invadar	82
kapitulacis	82
kinesma	82
kompleteskis	82
monarko	82
movemento	82
rasala	82
sovaja	82
ter-tremo	82
aeroplano	81
aktori	81
barcelona	81
chekia	81
darfis	81
departmento	81
esforci	81
evolucionis	81
flava	81
instalesis	81
jean	81
judikesis	81
l'arivo	81
ligna	81
marso	81
novelo	81
point	81
praktikata	81
principi	81
spektanti	81
sporta	81
statuo	81
trairis	81
transferis	81
yuneso	81
